Padding,Average Execution Time
2,2.9332492
4,2.9863398000000005
8,2.98562
16,2.1757048
32,1.4712214000000001
64,0.47815
128,0.46894139999999995
256,0.4768806
512,0.47302
1024,0.4774952
